天然要害沙斯塔夏溶洞,"15溶洞
沿途：地图直走的笔记文字提示了老一需要打开的机关的颜色。贝壳不用打。
开完机关之后出现BOSS，打就行了。
沿途需击杀门口小怪捡钥匙
最后出洞窟之后需要贴左侧前进,尽量不拉到右侧小怪"
地下灵殿塔姆·塔拉墓园,"16墓园
击杀虚无魂魔之后 取下祭坛上的宝珠
第三个祭坛有封印结界 要玩家一直前进 在最深处击杀所有小怪取得念珠解除结界.
最终BOSS 主宰者 加尔梵斯没有特别需要注意的技能 当它与其他小怪连线时 BOSS会变为无敌 需要DPS优先击杀被连线的小怪."
封锁坑道铜铃铜山,"17铜山
老一愤怒的科托斯 没有任何难度 
坐电梯下行之后 击杀“爆破爆弹怪” 后捡起掉落的火药 
老二怒水腐液 需要T拉住粘液胶 其他人启动机关 T同时拉住出现的爆弹怪和粘液胶 让爆弹怪把粘液胶炸碎。魔石精 需要DPS击杀 粘液胶被炸碎3次之后 就可以正常击杀
老三强腕的居格斯 直接打BOSS即可"
魔兽领域日影地修炼所,"20修炼所
老一炽热火丛 直接打BOSS即可
击杀老一之后点击火堆中的“魔力的奔流”传送
 道中需要沿途打开“绞车锁链” 
老二霹雳雷蛟脚下是一个雷池 T把BOSS拉到场边的斜坡上 每过一段时间 BOSS就会返回雷池中央无敌 并召唤小怪 此时雷池带电 请不要踩雷池…清理小怪后继续攻击BOSS 
老三兽斗士 坦伽塔 T把BOSS放在中场 T拉住小怪 只击杀最后一只毒火即可 
当BOSS脚下出现火圈时会无敌 需要转火火元精  "
监狱废墟托托·拉克千狱,"24千狱
路上需要捡拾4个“魔导感光器” 
抵达第二个房间时身上应该有3个感光器 此时左转 在愚者大厅下方会有第4个感光器 
老三霸星蛛蝎 BOSS血量下降到一定程度之后 会出现尾刺
需要DPS立刻集中攻击尾刺 场中刷新的小怪需要由T拉住 奶妈如果是小怪第一仇恨 请把小怪带到T身边 "
名门府邸静语庄园,"28庄园
进门之后沿左侧前进 在第一间屋子里能捡到小钥匙 沿途女仆的读条AO可以使用眩晕技能打断
老一 随从女工 没有特别需要注意的
打完老一捡了钥匙要原地向后,转开门后不走楼梯 直接跳下去
下楼之后最后一间房子(地图左下角)里有BOSS房间的钥匙 
老二 庄园的小丑总管 打就完了
打完老二之后需要使用通用技能“返回” 然后前行上楼梯 
老三阿芒迪娜女士 打BOSS就行，如果新人较多可以考虑关灯、打大眼睛小怪。"
休养胜地布雷福洛克斯野营地,"32营地
进门之后在布雷福洛克斯监视小屋的跟哥布林说话拿到钥匙
老一大黄鹈鹕 T拉住小怪和BOSS 奶妈注意驱散DEbuff
沿途的怪能不打就不打 直接去BOSS房
老二狱炎火蛟每隔一段时间会追一段时间哥布林，无视仇恨，不必慌张。
老三水栖蝾螈 奶妈注意驱散淤泥DEBUFF 出水泡打水泡
最终BOSS阿杰特 出啥躲啥 BOSS会随机点名一名玩家吐一摊毒 BOSS站在毒里会回血 需要T将其带离毒潭"
古代遗迹喀恩埋没圣堂,"35圣堂
DPS第一时间集火圣堂峰，不然会读条能秒杀T的大伤害技能“终结针”
老一巨齿牛头魔会读条技能“致命射线” 同时屏幕提示“巨齿牛头魔发出了诡异的咆哮！”
此时需要所有人找到发光的石板踩上去解除buff
路上遇到的“常衡石面”需要把它放在石板上击杀 石板不发光说明位置正确
老二圣堂守卫 DPS要先集火巨像兵的魂石 把魂石打掉之后 才能攻击本体 
老三审判化身 石面同样要在石板上击杀 BOSS会唤权杖，可以无视，也可以打掉。"
流沙迷宫樵鸣洞,"38樵鸣洞
打掉蚂蚁、跳进流沙 
老一灵蚁禁军公主 出啥打啥
沿途一路狂奔 不要回头 不要摸怪 跑到流沙之后迅速下潜即可 
老二巨型地道蠕虫 奶妈注意驱散debuff 
BOSS下潜后 所有人贴边躲开伤害范围即可
老三奇美拉 读条雷电咆哮接近BOSS 读条寒冰咆哮远离BOSS 被点名者远离人群"
对龙城塞石卫塔,"41石卫塔
小怪A人巨疼!
老一丘都尤都 当BOSS突然离开走向场边或角落时 请立刻跟过去 躲到他身侧或身后
老二柯西切 T把BOSS拉到门口 面冲外 奶妈站到场地内侧
当屏幕提示“足枷冰龙从天而降”时 可以开对应位置的炮打断。
老三足枷冰龙 BOSS血量降低到一定程度之后会上天 对场地进行俯冲 被俯冲的地面会变白 所有人注意躲避 
第二次俯冲后注意躲开冰圈
俯冲结束之后 所有人远离T BOSS降落时会对周围造成一定的伤害 "
山中战线泽梅尔要塞,"44要塞
小怪拉到水晶纱帐里面打
老一全视之眼平时是无敌的 需要拉进水晶纱帐
老二 躲好AOE
老三巴特拉尔 BOSS血量下降到一定程度时 会和场边的水晶连线并变为无敌 需要转火水晶"
毒雾洞窟黄金谷,"47黄金谷
贴着左边走!
老一锁匠花 会每隔一段时间全屏上buff buff会让玩家持续掉血 2层吃果子解buff 
老二数币巨人 十吨横扫” 需要T穿过BOSS躲避；“百吨回转” 吃到即死 所有人远离
老三守财夫人 2层buff就要吃果子 注意转火花苞"
财宝传说破舰岛,"50破舰岛
老一大脚巨猿 当BOSS开始全屏AOE时 需要调查场边的树 让BOSS吃掉掉下来的香蕉
沿途的宝箱都要开 有些会出拟态怪 开箱子或者拟态怪会掉石板 需要凑齐4个石板才能开门 
老二肖鲁姆 开场BOSS会在场周召唤一堆水泡 不要离得太近 会被吸进去 当BOSS偶潜入地底 出现大漩涡时 需要钻到水泡里躲避
老三克拉肯 每个岛上会出2只腕足 还有2只触手 触手请优先击杀
BOSS会随机点一名玩家 头上出现绿色的小石头 需要跳到隔壁没人的岛上 等陨石消失并出现漩涡后 才能返回"
恶灵府邸静语庄园,"50庄园
老一庄园的小丑 T拉住小怪 DPS集火即可
老二阿修 BOSS有顺劈 正面不要有人 注意躲避AOE和旋转剑 小怪出场请转火
老三哈利卡纳苏斯 小怪请第一时间转火 否则会有灭团级AOE 第二次小怪刷新后 DPS酌情停手等第三波刷新后击杀"
幻龙残骸密约之塔,"50幻龙
老一独爪妖禽 T把BOSS放在场边 请打飞水箱 DPS和H注意身后和四周也不要有水箱
老二魔导炮艇 BOSS会随机点名一名玩家飞过去并沿途扔一堆火圈 被点名的玩家最好前往场边引导火圈的位置 
老三尘世幻龙 场地上有两条小龙 BOSS血量下降到一定程度后就会复活小龙 第一条龙需要远离BOSS 而第二条龙需要接近BOSS 
小龙打到一定程度后 会刷新一个魔导机器 第一时间集火 场地上出现全场蓝色的范围AOE时 打开魔导屏障发生器 并且躲进去"
凛冽洞天披雪大冰壁,"50大冰壁
老一冰锥万迪尔 “风雪”之后2~4s会出现暴风雪，保持移动或跳跃可以避免被叠buff。爆弹怪爆炸也会叠buff，4层就会被冻住，并持续掉血。
中间有暴风雪的区域，不要站在里面，会持续掉血。
老二大脚雪人，需要T把BOSS拉到场边，并面向场中。场上会刷两种小怪，魔石精不打，BOSS会读条超大范围扇形攻击，把魔石精冻成雪球。当BOSS读条全屏AOE时，需要打一下雪球将其推向BOSS打断。DPS第一时间击杀小怪。
沿途注意打断的异端者读条“龙血”
老三芬里尔 偶数次冰柱掉下来之后，躲在仅剩的一根冰柱之后。
"
领航明灯天狼星灯塔 ,"50灯塔
老一不沉者 西蒙德 出啥打啥
老二祖 别碰鸟蛋 鸟蛋过一段时间就会孵化 先打公的
BOSS上天后所有人远离T
老三暴君 直接打即可
塞壬 T开怪后把BOSS放在场中央背对人群 优先击杀 爬行小怪
BOSS读条“死者之歌”后 奶妈需要奶满有BUFF的玩家 注意躲避俯冲"
骚乱坑道铜铃铜山,"50铜山
老一百臂主脑巨人 T把BOSS带走到没有火的地方 刷新爆弹怪需要DPS第一时间击杀
老二比吉 需要DPS启动装置 捡起炸弹 并放在BOSS脚下 炸弹炸几次之后 BOSS就会从石头人上下来 此时全员攻击BOSS即可
老三复仇者 乌拉诺斯 开场T把BOSS拉到场地边缘 屏幕提示“沙虫在找吃的”时 奶妈或者远程DPS把水晶搬到沙地上 
DPS优先击杀小怪"
苏醒遗迹喀恩埋没圣堂,"50圣堂
老一受损的审判化身 开战后不久 会有某个部位发光 集火该部位即可
途中的蛇会石化需要注意
老二仙人刺女皇 BOSS读条“十万针刺”时 需要集火攻击打断咏唱 场上出现“仙人掌守卫” 先打掉守卫接下来马上集火BOSS
老三审理神代言者 四周会升起棺材 里面会跑出木乃伊 躲开它的直线前进方向 BOSS读条“怨恨的斩击” 是对随机一名玩家的直线范围AOE 
BOSS还会随机连线一名玩家 被连线的人远离BOSS 绕场狂奔"
冰雪废堡暮卫塔,"51暮卫塔
老一角牙古象 出啥躲啥
沿途走过去就有很多怪会爬起来打你
老二寒光剑 尤埃尔默里克  BOSS每使用一次全屏AOE，就会随机复活2只小怪，小怪站起来后，会立刻读条对它周围的怪释放增益buff。当发现小怪在BOSS身边复活时，T要注意把BOSS带走。
沿途有暴风雪的地方会对全团施加不断掉血的伤害。
老三狮身巨鹰，场地上会有2~4块石头，当BOSS跳回场地中央读条“回转牢狱”时，所有人立刻就近找石头躲避，否则会被吸入中间的龙卷风里并造成大量伤害。BOSS的凛冬之风会摧毁石块。"
天山绝顶索姆阿尔灵峰,"53灵峰
一优先击杀龙毒草。打完后远程点掉途中的毒粉块。吃到爆炸会中毒
老一破锁花王 直接打BOSS，无视蜜蜂。
沿途会有大龙突然降落。冰柱和冰元精都可以无视。
老二迈斯龙，隔一段时间会出现一大堆粘液，红色分摊蓝色单吃，绿色粘液读条会对全团造成大伤害。
老三刁曼 头顶出现绿色彗星之后，被点彗星的玩家远离人群放下彗星，然后迅速返回。打到一半后，BOSS会停在场中央不断放AOE，全员攻击两个翅膀。"
圣教中枢伊修加德教皇厅,"55教皇厅
老一光辉剑 阿代尔斐尔 满场乱窜留下光球，光球过一会就会炸开
老二战争狂 格里诺 正面有顺劈，要注意。T把BOSS放中场，BOSS会点名一名玩家方向放黑洞，接近黑洞就会被连线并持续掉血。当BOSS气泡说要把你们都吹飞时，玩家会被击飞。
老三圣骑士沙里贝尔 被连线的两名玩家需要向相反方向移动扯断(只有一个人跑是扯不断的)，场地北边会刷新棋子士兵，注意溜缝躲避。当BOSS消失之后所有人一起输出场上刷出来的“圣火”。"
邪龙王座龙巢神殿,"55龙巢
老一琅妲巫龙 当发现自己被BOSS连线时，跑到石柱附近，把线传递给石柱即可。
沿途会遇到大龙+两只小龙，T只把小龙带走就行了，大龙不必招惹。
老二格亚斯库图斯 爆弹怪吃掉两三层气体后，注意转火打掉爆弹怪。
老三尼德霍格，BOSS会转身向玩家吐火球，注意发现BOSS面冲自己就要及时躲闪(不会有提示)，BOSS偶尔会点名玩家“漆黑之珠”，因为BOSS会顺劈，所以请T不要乱动，由另一名DPS和奶妈打掉珠子解救。BOSS上天后，所有小龙都要及时击杀。如果DPS太慢，奶妈酌情给大师兄(NPC)加一加血。最后一条小龙击杀后，大师兄会开启一个罩子，躲里面等BOSS回来即可。"
学识宝库迦巴勒幻想图书馆,"59图书馆
老一恶魔书墙 注意躲开地上黑色的伤害。当BOSS合上之后，跑到书背后去。
沿途会遇到""64页""优先击杀。
老二比布鲁斯 BOSS回到场地中央后，打落在场上的书，打掉之后书会与一名玩家连线，这名玩家带着线穿过BOSS，让连线的球与BOSS相撞，就可以解除BOSS的无敌。
老三永世珍本 点名跑到场边放球，当BOSS回到场中央并开始读条时，场地四周的圆阵也会发光，需要所有人去踩灭光点。每个阵N个点，所以需要N名玩家同时去踩才行。"
博物战舰无限回廊,"60战舰
老一 幻影光 出啥躲啥。BOSS会释放连续1/4场面积的AOE，建议远程职业也接近BOSS，方便躲避。
沿途大鸟人会AOE旋风比较疼，奇美拉冰远离雷接近优先击杀。
老二 弥诺陶洛斯 横扫绕背侧，回转远离。当BOSS开始横冲直撞之后，注意关注BOSS最后停下的位置和面向，它会立刻使用正面小扇形巨疼AOE，需要绕侧背躲避。当BOSS读条全屏AOE时(场地变蓝)，随手开一个培养皿打断读条…DPS击杀小怪。
老三 博物总管 远离地上的红圈地雷不要碰到。BOSS会给玩家身上挂炸弹buff，需要奶妈驱散，否则会炸到队友。场边出现警报小怪时，需要转火击杀。"
草木庭园圣茉夏娜植物园,"60植物园舰
老一玫瑰园 这个BOSS会放出几个小魔界花苗，然后大大小小一家子一起喷，BOSS会一边喷一边转，但是不会喷满一圈，所以找到BOSS的方向，转到它喷的末点就不用跑了。场上出现名为果实的气球的时候，注意转火击杀(不打的话会炸掉，不过也没有很疼)。
老二鹰蜂女王，平时场边会有很多蜜蜂飞来飞去打人也挺疼。BOSS读攻击指令时，出啥躲啥即可。BOSS读防御指令时，周围的蜜蜂会来到场地中央与BOSS连线，此时要打掉所有蜜蜂。BOSS读协作指令时，场周围的蜜蜂会4只一组并排，此时要离开蜜蜂连面对的方向，它们会向场地内放无提醒的十字或X形的AOE，所有人贴场边站在两组蜜蜂中间即可回避。
老三剧毒美人 没啥特别的，出啥躲啥，有啥躲啥，眼睛记得背对"
地脉灵灯天狼星灯,"60灯塔
老一流光晶片 当玩家被连线时，把线给鸟，没有鸟给蜘蛛。
路上会遇到简易爆弹怪培育炉，优先集火。
老二第8团高级教士 孛罟 小怪带到洞口上打掉。天上掉下来俩锅炉工俩引擎，优先打连线的。
老三爆弹之母和爆弹之父 前半段出啥打啥，后半段会出现名为“治疗爆弹怪”的蓝色爆弹怪，它会向另外的红色小爆弹怪慢慢前进，需要站在红色爆弹怪这边用远程技能打一下治疗爆弹怪，把它推开(不要让它碰到红色爆弹怪)"
黑涡传说破舰岛,"60EX破舰岛
牛和长须豹会在脚下放buff圈，所有人优先击杀，T注意把怪带出buff圈。
老一红血圣女团 一堆小怪，长须豹请优先击杀。其他出啥躲啥。
老二尤弥尔，被点名一万伏特的玩家踩水，连线扯断。
老三爱因扎尔·斯拉菲尔辛正漩将 变身后会在场周围的宝箱里放入药和炸弹，注意观察哪些是解药，并在箱子关闭后走到那个箱子附近解毒。BOSS还会点名一名玩家并读条，这名玩家需要远离其他人，治疗注意准备驱散这名玩家身上的减速buff。"
坚牢铁壁巴埃萨长城,"60长城
浮空装甲会随机连线并持续攻击，弓箭手小怪会无视仇恨给玩家上毒，拉多了非常容易团灭。
老一魔导猎手 出啥打啥出啥躲啥。
老二武装重甲，BOSS会隔一段时间读条“运动物体探知干扰器”，读条结束后会给所有玩家上buff“慎行警告”，所有人立刻停手，不要移动、转视角，近战和物远请按ESC直到弹出系统对话框。等buff倒计时结束后就可以移。
老三铁面公卿，他会突然跑到场地一边对大半场放AOE，所以所有人尽量接近中场站以方便躲避。当天降一堆刀并出现满场AOE时，所有人打中间那把刀即可制造躲避的空间。其他的出啥打啥有啥躲啥。"
空中神域不获岛,"60不获岛
进门跟NPC拿东西开传送点
老一奴涅努克怪鸟 出啥打啥，出啥躲啥。BOSS消失需要玩家找到“奴涅努克之影”，站在怪圈里面才能攻击到它，打掉后浓雾就会散去。
老二卡努瓦努 当发现黑圈里有图腾时，需要玩家把圈内的图腾搬出去。
老三招雷巨蛇 场第四周会掉下去而且不能救。BOSS会点名一名玩家放一个水泡，被点名的人站到BOSS身下。出风元精尽快打掉，击杀后BOSS会立刻读条吹飞并且变得可以被攻击，不要被吹下去"
秘本宝库迦巴勒幻想图书馆,"60图书馆
老一 书中恶魔 出啥躲啥。
老二液态火焰 被连线冲锋的远离，BOSS变为火龙卷时会点名正负极，和BOSS同极接近，异极远离；变为手掌时攻击上升。头顶出现太阳月亮徽章，找同色地板躲避。
老三博学林鸮 爆震之章→随便踩一本浮空；龙卷之章→踩黑色的圈；河童之章→变成河童之后踩绿色的圈。BOSS扔完一圈书之后会召唤贝爷，如果DPS不够的话记得注意在陨石后面躲噶哦哦。"
神圣遗迹无限城市街古迹,"60EX无限城
老一阿卡莫特 BOSS读条“幻惑鳞粉”时，所有人都要转身面向场外，这个技能会制造玩家的幻象，并放出超大范围的AOE攻击
沿途会遇到巨大的光圈照在地上，T注意把怪都放进去。
老二双翼飞狮 出啥打啥，尤其BOSS身下的球，优先打掉。地上会出现土风圈，玩家会被上耐性降低的buff，土降低的踩风，风降低的踩土
老三基路伯 死了还会复活的渣渣。第二次复活之后优先击杀连线小怪。它还会读条圣疗，并在脚下出个魔法阵，站进去的人越多，伤害越少。"
天龙宫殿忆罪宫,"60忆罪宫
老一长老莫古灵 优先击杀即可护卫团长莫古森。如果团队DPS较高，可以无视剩下两个小怪。另外BOSS也会召唤复活圈，注意把小怪推出去。
老二卜奇喇吉 T把BOSS放在场地一头，BOSS过一会就会起飞，记得找墙做掩护。BOSS读条类星射电源和雷云都是会破坏墙的，发现这两个技能的时候尽量找没墙的地方站。
老三圣龙子嗣 场地是一个3X3的石台，有小旋风作为传送点。有单点一名玩家的连续攻击，预兆大概是全屏白光一闪，当你发现自己身上有白色光柱哐哐哐砸的时候，就是被点名了，注意换个地方。BOSS隔一段时间会起飞并俯冲，当出现俯冲的黑绿光之后，离开台子即可。台子上的圣元精可以提供大量LB，如果台子上有记得顺手击杀。"
天山深境索姆阿尔灵峰,"60EX灵峰
地上会喷气儿，把怪放在那个喷气孔附近可以获得易伤buff。
老一莱顿瓦德 它会在地上扔孢囊，躲开即可，大号的孢囊是全屏伤害距离衰减。
老二高牢怪龙 抬手是打T，抬尾巴可能是扫尾，也有可能扫一圈(没事不要站屁股后)，侧身单肩下垂是冲刺，双手抱胸是吐火球或喷火(躲开正面)。BOSS血量下降到一定程度后，BOSS会变红，抬手横扫一片带旋风，扫尾变大回旋，并附带承疗减低效果，注意躲避。
第一时间击杀圣山之血，如果有两只就由T标号依序集火击杀，这个读条可以击晕打断。治疗注意抬血。
老三熔岩蝎 “飞跃重压”会让场上出现巨大的熔岩地带，被点名的玩家注意尽量站到场边。BOSS读条“呼唤”会召唤小怪，优先打红的，第二次呼唤时会召唤4只小怪，远程DPS可以预读LB"
险峻峡谷塞尔法特尔溪谷,"60溪谷
地上的AOE圈对小怪同样有伤害，但不必强求
老一飞天枪 奴扎尔·怀罗克，BOSS升天后，会出现小怪和气球炮塔，打掉气球炮塔后需要到BOSS身下，等着气球爆炸。气球的气浪会帮你把BOSS戳下来。然后出啥打啥，有啥躲啥。
猩猩会120°AOE…注意不要站太远，地刺是有伤害的。沿途有猪笼
老二旋风扇 德托里·西罗克，被点名的玩家尽量把点名的风放在两个挡板之间，BOSS读条“大扇风”的时候，自己找有挡板的位置站好等着被吹飞 。BOSS读条“身轻如燕”后使用的技能非常快。
沿途会看到气球载着一大堆鸟人飘过来，气球要第一优先击杀，如果没有打掉，它就会回去载第二批鸟人。
老三晴天霹雳 托佐尔·法托特尔，出啥躲啥，分散集合。"
星海空间颠倒塔,"60颠倒塔
老一歌圣 兹罗·罗格，呱呱爱唱歌，眩晕可驱散，解救T爱他，水泡要躲开，变呱打呱呱。
老二瑞吉 场地上出现大石头和不断扩大的AOE圈时，不要害怕，赶紧打掉石头然后再找安全的地方躲避即可。被连线的玩家要躲在石头后面，并与石头保持一段距离防止受伤。
老三卡尔克布莉娜 进门6个娃娃都没仇恨，快速抽掉即可。合体后变成一个大娃娃。当玩家被点名大眼睛技能时，BOSS会对这名玩家施加扇形AOE，背对即可。当它读条抱头防御后，所有人(包括法系)都只能站在它正面输出，否则就会被弹飞。当有人变成娃娃后，记得及时解救(尤其记得救奶妈…)"
血战苍穹魔科学研究所,"60研究所
老一 雷古拉·范·休著斯 出啥打啥，出啥躲啥
沿途路上会遇到一个球卡在台子上的怪，会放全场AOE电疗，DPS优先击杀，四周的培养皿会刷新小怪，T注意拉住小怪
老二 赫鲁玛奇斯 蛇就是疼，奶妈注意抬血。第二个会读条石化需要背对，另外会随机点名扔火圈。脚下出现一个金色小圈圈需要另外一个人站在里面(一共2个人)，否则被定身的人会受到高额伤害。头顶出现红色细线需要分摊。
老三 拉哈布雷亚和以格约姆 随便先打哪个都行。冰球一炸，就往原来冰球的地方跑…BOSS血量下降到一定程度后，会合体来到场中央，并连线一冰一火两个球，优先打冰球。当BOSS读条“法则改变”的时候，所有人躲到黑洞里躲避即可(黑洞只能容纳1人)。"
漂流海域妖歌海,"61妖歌海
一波小怪拉到右舷莉塞的位置，她会帮你放一些AOE。
老一 卢加特 出啥躲啥，记得分摊。
老二 狱长 出啥躲啥。DPS被抓后立刻远离BOSS扯断身上的影子。
BOSS前的守门怪读条“诱惑啸声”时，请使用眩晕打断，否则接下来会容易受到大量伤害。
老三罗蕾莱，它会读条让玩家强制前进或后退，当发现BOSS读条时，看清方向，调整面向，避免自己走进蓝圈里即可。"
海底宫殿紫水宫,"63紫水宫
老一切网虾蛄 打掉切网虾蛄的脚，BOSS就会肚肚向上…出现小怪后优先击杀小怪，头顶蓝色圆球时跟其他人分散。
老二红玉公主 当BOSS读条诱惑时，前往BOSS四个角落的箱子里变成老朽…就不会被诱惑了。BOSS使用海底火山后，会有大伤害技能追着被点名玩家跑，请狂奔回避。
老三紫水妖妃 BOSS下水之后会出现3个祸泡，为玩家叠3层掉血buff，打掉一个减一层。打掉泡泡之后，注意水面的波纹，躲开BOSS即将出现的地方。"
试炼行路巴儿达木霸道,"65霸道
熊和牛打人都非常疼，建议慎重拉怪。
老一加鲁拉 冲锋伤害为距离衰减
老二巴儿达木巨像 真·出啥躲啥
老三胡鹰 出啥躲啥，大眼睛背对。小怪阶段，BOSS会出现在场外并向场内冲锋，小怪出现在哪，冲锋就从哪里开始，注意躲避。BOSS第二次上天并落地后，所有人集火双翼。"
解放决战多玛王城,"67多玛
小怪很疼。
老一 魔导后卫 出啥躲啥
老二魔导六轮装甲 注意踩塔，不要撞电网，宁可炸塔也不要变成弹珠。
老三强化格林瓦特 BOSS读条“链锯”后，T挪一步离开原位即可躲避。当发现自己成为落点中心的时候，远离人群找个角落，等落点确认后返回人群集合即可。BOSS扫射是单独点一名玩家支线AOE，不可回避，尽量不要牵连到其他人。"
巨炮要塞帝国白山堡,"69白山堡
老一魔导机车大魔 当BOSS开始冲锋时，打掉炮塔旁边的帝国兵，并趁BOSS规划路径时开炮即可
老二024号 踩完塔后BOSS会读条“护盾转换”，并喊话“XX属性以太充能中……护盾转换！”，未被充能的属性即是它的弱点，去踩对应颜色的圈再攻击BOSS即可，如果属性不对，对BOSS的攻击就会被反弹。
老三炼狱炎魔 基本上是出啥躲啥有啥打啥，但是在战斗中BOSS会经过强化，被强化后的BOSS打人更疼。发现流血buff记得及时驱散。"
鏖战红莲阿拉米格,"70阿拉米格
老一守卫机蝎 出啥躲啥
老二奥卢斯·玛尔·亚希纳 BOSS核心技能会让你灵魂出窍，需要找回身体。碰到激光会被眩晕，而碰到浮游爪会被推远
老三 芝诺斯·耶·加尔乌斯 和BOSS连线的人接近BOSS，并向场外或无人的方向引导BOSS的扇形AOE。风断一闪接近风球等待被吹飞，雷切一闪远离，妖刀一闪分散引导直线AOE。偶尔会有连线+风闪的情况，请保持站在风球与被连线NPC之间，接近风球的位置引导躲避。打到一定程度后，BOSS会拔出3把妖刀，DPS请火力全开集火妖刀，打的越快，接下来AOE伤害越低。另外打刀的同事，BOSS还会释放3种一闪，注意应对。"
沉没神殿斯卡拉遗迹,"70斯卡拉
老一 凯尔派 开打后场边会变红，不能踩进去。“鱼雷”是死刑。“水平面上升”是AOE，BOSS会读条“水力吸引”或“水力推行”，所有人吸引远离推行接近。另外BOSS还会点名一个红圈，需要玩家把它放在场边，放下后立刻远离，这个球会跟着玩家走(如果撞上被连线玩家则会持续掉血)。
老二 旧日灵偶 BOSS隔一段时间会无敌并连线若干个灵偶分身，第一次需要玩家打掉，第二次开始，玩家会被变身为魔石精，技能栏变为放炸弹。需要用炸弹把分身都炸死
沿途平台之间有深沟，需要击倒所有小怪后，站在魔法阵上，就会获得一个变身buff，并变成赞比托飘过去。
老三 直言不讳 赫罗德里克 抬手/抬起尾巴，则需要躲开正面/背面。当BOSS出现抱胸蓄力的动作时，注意躲开BOSS正面"
恶党孤城黄金阁,"70黄金阁
老一瑞光丸 被小怪连线的玩家接近场边，或与另一只小怪接近击杀，方便躲避小怪自爆。别的没啥要注意的。
沿途遇到会通灵术的忍者请第一时间击杀。
老二道顺丸 出啥躲啥
老三 保镖 打到一半，场外老板就开始撒钱，在BOSS的狗捡完钱之前把钱捡完即可，否则剩的钱越多，AOE越疼。天上落下蝴蝶之后，先站外侧躲避，再前往内场躲避即可。龙头不打也没事，但会妨碍捡钱。"
风水灵庙岩燕庙,"70岩燕庙
老一 大天狗 BOSS会召唤全场火球，撞上一次火球会叠一层易伤。看到BOSS身上有个大眼睛的话记得转身。
老二 大太法师 推荐所有人接近BOSS站位，当BOSS抬手时，立刻到反方向躲避。DPS发现自己身上出现点名时，注意保持移动(会连续5次从地下扎出石柱)。当BOSS把场中央砸出一滩水之后，所有人注意尽量在前半场活动，防止扇形AOE无处可躲，那一滩水会逐渐扩大，不要踩进去。
老三 齐天大圣 当BOSS读条如意大旋风并伸长金箍棒时，所有人注意观察棒子，若棒子巨长而且带火花闪电，则接近BOSS；如果棒子不是特别长并且没有特效，则远离BOSS。后半场BOSS会一分为二并同时使用这个技能，注意找棒子带有电光的大圣身下躲避。"
疯狂战舰无限回廊,"70EX战舰
米诺陶回转攻击(读条远离)，奇美拉的冰雷(冰远离雷接近，可以打断)需要注意。
老一浮游炮主板 大部分时候是出什么躲什么，当魔导浮游炮并列一列的时候，注意要躲到炮筒后面去。
老二究极战士 平时会有蓄力正面直线AOE，有读条和非常明显的蓄力绿球。女神的技能是黑白圈，需要被点名黑白圈的人重叠站位。鬼神的技能则是冰焰之纹，踩颜色相同的圈。魔神的技能是点名玩家到场边放点名，点名的球会慢慢变大，注意不要踩到。其他出啥打啥
沿途会有米诺陶撞墙
老三究极神兽 BOSS抬手远离BOSS，BOSS起立到身下躲避。BOSS会随机点名一名玩家释放8方向箭头的波动炮攻击，其他人注意远离。当T身上出现白色向外的箭头时，其他人要注意远离T(伤害随距离衰减)。"
国境战线基姆利特暗区,"70国境战线
老一 魔导巨兵三型B式 出啥躲啥 BOSS劈下扇形攻击后，会在地面上留下火焰区域，踩上去会有火伤。
老二 普罗米修斯 开场后接近BOSS站，开始没多久就会有一个超大范围AOE。潜入地下之后看场外的岩壁，会有一块岩壁发红发亮，BOSS会从那个方向发射直线AOE(激光炮会持续几秒，不要急着回场中)。
老三 安妮亚和茱莉亚 随便先打哪个都行，出啥躲啥，每打掉一个BOSS会出一次合体技，场地上会有非常细的黄色亮光线 提示BOSS轨迹，贴边躲避会比较安全。最后两个BOSS同时登场并读条灭团技。"
红玉火山狱之盖,"70红玉火山
老一 大岳丸 经典技能百吨回转注意远离BOSS。BOSS会把自己手中的武器丢到场上，然后点名一名玩家追着他吐岩浆，被点名玩家注意绕场奔跑，不要被呕吐物砸到。另外所有人也要注意远离BOSS丢在地上的武器，BOSS吐完会捡起武器接着打。
老二镰鼬，远程也稍微接近BOSS站，BOSS会使用半屏AOE，如果站的太远可能来不及躲避。BOSS上天之后注意一边躲避场上的各种风、线一边打小怪，BOSS会沿着连线的顺序冲刺，务必当心。
老三玄武，基本上是出啥躲啥，有圈分散。特殊的技能是迷潮，场地上的六边形地砖会出现箭头的形状，并且其中一块地砖上有一个水球，水球会按照地砖上的箭头所指的方向前进。观察水球的位置和地砖上的箭头来回避水球的行进路线。"
死亡大地终末焦土,"70终末焦土
道中会有落石
老一 赫德提特 被点名的玩家要躲到柱子后面，全屏AOE也要躲到柱子后面；点名所有玩家不要让圈罩上柱子
老二 次品无人机 被点名的玩家去场边放毒，当BOSS从侧面消失后，冒着烟那条跑道就是安全的。
老三雾龙 被蓝色标记点名的玩家注意尽可能往场边站，治疗准备驱散+抬血，非常疼。BOSS雾散之后会出现3只小怪，此时攻击BOSS就会直接被冻住。
BOSS使用浓雾之后会消失，玩家开启疾跑沿场边奔跑寻找雾龙"
污染庭园圣茉夏娜植物园,"70EX植物园
老一 泥口花 放180°范围的AOE是多次判定的，不要提早回去。
老二 拉哈穆 核心技能滑坡，场地上会出现箭头传送带，读条结束后击退。
沿途有水闸，可以放水洗怪
老三 枯腐泥妖 当地面下污泥涌动时，所有人站在绿色实地板上。当BOSS读条污泥并出现点名范围圈时，所有人站在网格地板上。BOSS召唤泥丸子小怪，这个小怪会被玩家的任意有初始伤害的技能击飞，需要由玩家把它打到绿色实地板上，不要让下面喷出来的泥，或者上面点名掉下来的泥碰到它，也不要让BOSS或者小怪的攻击打到它。"
修行古刹星导寺,"70星导寺
老一凶豹所闻，凶豹所忆，刚开场的时候只有一只，在打到一定程度后第二只才会登场，T注意及时拉怪。后出现的红豹子会用扇形AOE，比较麻烦，需要关注。
沿途小怪不要放在机关上打，近战会感谢你。
老二额部陀，BOSS会使用“前后双斩”和“左右双斩”，斩前后躲两侧，斩两侧躲前后即可。BOSS读条“预判”后，会立刻出现动画效果，3面护盾，只有一面可以攻击，注意方向(法系也要注意)。头顶太阳月亮标记时，找同色发光地板即可。
老三双豹伊沃恩，被点名的玩家会遭到一次巨大伤害，奶妈注意抬血，由于固定点名距离最远的玩家，所以如果有远程DPS的话可以适当引导。当BOSS与场上斗气连线时，所有玩家去撞球，全部撞掉则AOE伤害较小。"
伊甸零式希望乐园 (觉醒之章1),"E1S
       ■三角攻击    　    | 　   ■白球诱导
  D3　　　　　D4 　|　D3　MT　 D4
  　MT　　　ST　  　|
  　　　  ◎  　　　　 |　D1　 ◎ 　D2
  　D1　　　D2　 　|
  H1　　　　　H2　 |　H1　 ST 　H2
 ───────────────────────
        ■2人分摊　     　|      ■转转球诱导
 ST/D3　　MT/D4　| 　　　   D4
 　 　　   ◎ 　　 　　 | 　　H1  ◎  H2
 H1/D1　　H2/D2   | 　　　   D3
        ■4:4分摊
 MTH1D1D3  ◎  STH2D2D4
■十字陷阱：D1南 D2东 D3西 D4北
■8人光球：远程治疗外侧诱导
■小怪 西MT 东ST"
伊甸零式希望乐园 (觉醒之章2),"E2S
　 【八方剑·踩塔】　　 ¦　【核爆】
　　D3　MT　D4　　 ¦　　   　T
　　ST　 ◎  　D2　　 ¦　　 ◎
　　H1　D1　H2　　 ¦　D　　H
- -- -- -- -- -- -- -- -- -- -- -- -- -- -- -- -- -- -- --
      【黑白配】　　 　 ¦
　　 MT/D4　　　     ¦
ST/D3 ◎ H2/D2　　¦
　　 H1/D1　　　　 ¦
- -- -- -- -- -- -- -- -- -- -- -- -- -- -- -- -- -- -- --
 复仇： 月环(内侧) → 八方(散开) → 直线(侧面)
 混沌： 直线(侧面) → 月环(内侧) → 八方(散开"
伊甸零式希望乐园 (觉醒之章3),"E3S 《菓子》
　【左右散开】　　¦　【大时化】 左上角起沿圈放
　　MT　ST　　　 ¦
　　D1　D2　　　¦　【裂流死刑】
　　D3　D4　　　¦　１(MT无敌)　２(ST无敌)
　　H1　H2　　　¦　３(挑衅换T)　４(MT无敌)
- -- -- -- -- -- -- -- -- -- -- -- -- -- -- -- -- -- -- -- -- -- -- -- -- -- --
 【第二次大海啸】　　　  ¦　 【核爆+分摊】
　　MT　 ◎　ST　　　　¦　　H1　◎　H2
　　　　　　　　　　　　¦  D1D3　　　D2D4
　　▲H　　　▲D　　　 ¦
　分H菊D　分D浪D 　　 ¦　　MT　　　ST
- -- -- -- -- -- -- -- -- -- -- -- -- -- -- -- -- -- -- -- -- -- -- -- -- -- --
【灵泉引导：远程】
踩塔顺序：近 ＞ 奶 ＞ 近 ＞ 远"
伊甸零式希望乐园 (觉醒之章4),"E4S 《菓子》
■黄标散开　　　  ■陨石放置（西→东）
D3 MT ST D4 　　A→B（TH）
H1 D1 D2 H2　    C→D（DPS）
■碎石死刑　          ■人型/车
MT→ST　　 　　  橙→D→T→H
■大地的双拳　　  ■石牢
ST　 　蓝　　　   北:H1　南:H2
MT　   人群
■第一次升地板  北:DPS　南:TH
■第二次升地板  北:北:MTH1D1D2　南:STH2D3D4
■长形场地              ■转圈流沙
Ｔ橙□蓝                     《第一块》：ST/D2
ＤＨ□□                     《第二块》：橙标人群
□□                            《第三块》：MT/D1
蓝□　　               H1/D3：左   H2/D4：右"
哈迪斯孤念歼灭战,"极哈迪斯
■P1散开　　 　　　■陨石(塔)処理
D3　MT　D4　　　北→东：MT　南→西：ST
ST　◎　　D2　　 　■牢狱
H1　D1　H2　　　西北H1　东南H2
■分摊 ←MT/D1/D3/H1 　ST/D2/D4/H2→
■接线 北：T 南：H
■法则改变　　　 　■殉教者的记忆
　　D4/MT　　　　　　D1　D2
D3H1 ◎ H2D2　　 ST/H1 ◎  H2/MT
　　D1/ST　　　　　 　D3　D4
(※TH站点上（地标线○的交点）)
■魔法记述阵 圆：没有的缺口
镜子：没有的缺口对向的缺口/中央镜子背面的缺口
■深淵　←ST/D1/H1| ↑ | ↑ | MT/D2/H2→ (分摊)
　　　　　　　  ← D3 (放球) D4 → "
惨剧灵殿塔姆·塔拉墓园,"EX墓园
老一证婚人，不要打任何小怪，不要用任何AOE技能，站在一起等BOSS放技能打掉小怪即可。
沿途要把的怪都打掉才行。调查棺材会眩晕开棺材的人并读条AOE，需要眩晕打断
老二备用的躯体，黑洞需要玩家去撞掉，无减伤裸吃的话最多吃2个，奶妈要注意加血。大球建议2~3名玩家一起去撞。BOSS会点名淤泥，T注意带位，自己不要站进去，给DPS留出输出空间。中间的NPC不能死，如果血量过低可以考虑奶妈加血。
老三雄壮的OOO，中央发黑的区域不要去，会持续掉血。过一段时间场周围会出现一堆小怪，需要所有人迅速击杀，小怪爬到场中央后会点亮符文，一般点亮4~5个之后就很容易团灭了。"
纷争要地布雷福洛克斯野营地,"EX野营地
老一青蓝之手指挥官 连线可以传递 注意躲好十字雷 
老二3号哥布林装甲 出啥躲啥 有随机点名冲锋 躲开路径即可 
老三6号哥布林坦克 BOSS打一会就会绕场旋转 转火小怪 
接下来BOSS会往场里扔炸弹 需要用技能把炸弹打到场边去"
腐坏遗迹无限城市街古迹,"EX无限城
老一腐坏贪吃鬼 BOSS每过一段时间会吞下一名玩家 需要剩下的人集火贪婪大口
老二阿里奥克 开场只有小怪 需要由T独自击杀小怪 DPS尽量不要碰小怪
老三迪亚波罗斯 开场场边会有8个门 开怪之后门上会出现标记 相同图案两两一组 一共4组 
门上的图案过几秒就会消失 正攻需要除了T的3名玩家使用游戏的目标标点功能 对门做标记以作应对 
“噩梦”需要打断 “破灭预兆”需要打开图案相同的两扇门 以躲避接下来的巨大伤害 "
激战城塞石卫塔,"EX石卫塔
老一格里尼奇恶龙，当BOSS跑到场边的时候，立刻到身后
沿途“激昂异端者”会读条“龙血”，需要使用眩晕打断
老二库卡龙龟 当BOSS读条变硬时，会反弹弩炮的攻击。当BOSS读条全场AOE的时候，需要使用弩炮的第二个技能“雷弹”打断(平时不要使用)。
老三吉鲁维伽诺斯。BOSS抬手是正面顺劈，抬屁股是背面顺劈，双手抱胸离开正面方向，单手护胸侧身是直线冲刺，还会无提示喷火。"
剑斗领域日影地修炼所,"EX修炼所
老一皮拉刻蒙 BOSS读条百吨横扫时 T穿背躲避 百吨回转所有人远离BOSS
当场地变蓝时 点BOSS身后的装置 所有人去吃魔法人偶身边的buff
老二卡托布莱帕斯 当BOSS读条“恶魔之瞳” 吃场边的幽暗珠 出现“不净的魔眼”需尽快击杀魔眼
老三退位主教 穆穆埃珀 T拉好开场小怪 主教会随机定身2名玩家 需要自由的玩家触摸咒具解开束缚
请务必去救人"
逆转要害沙斯塔夏溶洞,"EX溶洞
老一真红龙虾 所有人稍微分散一些站位，被吐痰的玩家需要奶妈驱散。BOSS还会读条螺旋尾对目标玩家造成巨大伤害(大约90%)，可以打断。
沿途 水泡接触到XX怪会给XX怪加很多血。
老二麦迪逊原船长 当BOSS标记一名玩家并射击的时候，需要集火BOSS打断。召唤的小怪打人并不疼，注意先打地上爬的就可以了(它会定身)。
沿途的大怪会召唤一大堆小怪
老三克拉肯 打腕足，腕足都打掉之后再打本体即可，触手可以不打。"
武装圣域放浪神古神殿,"EX冬贝利
老一折角骑士 寇黑加 老一每隔一会就会往地上扔一把标枪 注意及时转火打掉标枪 
老二湿皮妖师 佐尔加 会满地插图腾 图腾有4个效果：变蛙、伤害增加、火耐性降低和加重
颜色和效果的对应每次进本都是随机的 需要找到伤害图腾且踩掉
老三光鳞兄弟 莫拉加加 当BOSS插战旗时 T要带着BOSS离开战旗范围 而插祭器时 需要DPS集火打掉祭器 
BOSS会随机点名玩家死亡宣告 需要奶妈为该玩家加满血"
神灵圣域放浪神古神殿,"PT冬贝利
老一圣地守护者 出啥躲啥 
打倒冬贝利之后 拾取灯油 开机关用 第四个机关一般由T开疾跑冲过去引怪/冬贝利 奶妈开疾跑跟着过去开
老二巨大奶冻怪 小怪及时转火清理即可 
老三冬贝利王 无视小怪直接打BOSS即可 "
邪教驻地无限城古堡,"PT无限城
小怪会读条召唤妖异 眩晕/沉默打断即
老一夺神魔  出啥打啥
老二恶魔墙 地板变黑请立刻躲避 躲完黑地板后移动到中央 BOSS会读条击退
老三阿难塔波嘉 这个BOSS有超巨大范围的扫尾技能 T请侧过来拉
BOSS读条“天灾降临”时 需要所有玩家躲避到石像之后躲避 "
艾玛吉娜杯斗技大会决赛,"艾玛吉娜杯斗技大会决赛
BOSS各种吹飞，所有人别被吹下去
拉提丰的T，不要离场边太近
提丰和章鱼一人一个背对背拉好，先打章鱼
被变河童之后，去章鱼正面吃泡泡
会获得湿润，当提丰去场中央放超鼻息的时候
河童对着老师用河童拳，1层愉悦打一层buff
打掉8层就能打断BOSS读条
第二次BOSS会旋转喷气，注意躲避
拉章鱼的T不要乱跑，继续让河童被洗
不要被BOSS喷气喷到，会直接掉下台子
没有河童以后，鼻息所有人往场中央的BOSS跑
其他的出啥躲啥"
奥丁歼灭战,"奥丁歼灭战
出啥打啥，有啥躲啥，解限不躲也死
减速圈治疗注意驱散
BOSS 15%以下血读条斩铁剑，LB大招死劲撸"
邪念妖地无限城古堡,"炒冷饭无限城
老一安可哈格 T开场注意不要让BOSS面对任何一个石像 当某名玩家被点名时 请立刻躲到石像后 等BOSS伤害连线消失后再出来 
老二夜魔人 当BOSS隐身时 攻击场上的“幻光球” 踩一下留下光圈获得含光的buff 带有这个buff玩家去找隐身的BOSS 把BOSS炸出来 
老三弗迪亚 当BOSS回到中场并有小怪连线时 要注意迅速击杀小怪 当玩家被一个粘液胶一样的玩意儿定身时 也请注意解救"
大桥上的决斗,"大桥上的决斗
变成青蛙的绕着场边跑，出啥躲啥
第二阶段某人逃跑后，BOSS会随机点名混乱
治疗加满血，即可驱散"
海德拉讨伐战,"海德拉讨伐战
T别拉在中场，所有人远离中场
BOSS放恐惧迷雾，所有人去BOSS圈内躲避即可
小怪ST拉住，打不打都行，小怪远离BOSS
如果打的慢，小龙记得转火，近战DPS远离正面"
皇都伊修加德保卫战,"皇都伊修加德保卫战
T不用给BOSS上仇恨，所有人别被BOSS踩到
T只要拉住所有小怪，拉到BOSS身下
治疗最好有一个人去上塔
DPS开炮和杀小怪
BOSS读条AOE，去两侧躲避
墙裂后，注意上塔，T注意拉住小怪别让上塔的被追
第三道墙，开炮的注意BOSS读条时去开拘束器
近战此时注意放LB
"
白虎诗魂战,"极白虎
[紫圈]
　　　     Aー坦克
　Bー治疗　    CーDPS"
希瓦歼殛战,"极冰神
场上结冰请不要进行任何移动！真的会死！
剑分摊,杖分散,弓背后集合
ST拉小怪,转场完换T
九连环当前MT开减伤硬吃,不要动！
分散时,T和近战去前半场,奶妈远程去后半场
冰河怒击全体远离正面,冰弓点名全体背后集合"
迦楼罗歼殛战,"极风神
螺旋气流躲背后,寒风之歌躲石柱后
羽毛击杀顺序:柔羽—>刚羽,刺羽St挑衅走,请不要打
分身处理方法:MT拉美翼本体去最北面,ST拉妙翅去最南面
击杀顺序:妙翅->美翼"
祖尔宛歼殛战,"极鬼神
                 ■飞翔一■                                    ■飞翔二■
                   |      T                                     \    T
       D1       |                                     D1     \                D2
                   |                 D2                             )一一一一一一
      D3         |  \                              D3      /              D4
                      |     \      D4                   /      奶妈
       奶妈       |      \
【小怪阶段】读条陨石快速击杀 注意回避恐惧
【南十字座】人群[除了MT]→右   MT→左
【蓝色点名】BOSS左侧 右侧打身位"
须佐之男歼殛战,"极豪神
■强袭:死刑 ■祸泡:停手
■八尺镜+晴岚+断海:击退后回来分摊
■雷云出现后断海不要形成三点一线
■P2 一T接刀，另一T开减伤撞球，其余人打罩子
■海岚斩:死刑换T
■闪电:被点名者跑到场地另一侧
■石牢点名:集火攻击仇恨列表BOSS上一个的石牢"
伊弗利特歼殛战,"极火神
奶妈:灼热咆哮注意点名,灼热去场边,无事站中间
T:BOSS拉东边,三灼伤快换T
DPS:先打柱子后打怪,三层易伤快停手
全体:链子接近,远离灼热奶妈,炎柱至多吃一片"
拉姆歼殛战,"极雷神
吃三个电球后扛BOSS,buff到时间补一红,另一个T找机会吃三个电球换T
被点名混乱去A点集合,其他人分一个人去用电圈电醒
场上留三个电球,多余的由奶和st收取(每人每次最多两个)
被连线不要放技能,吃三个电球解除连线
出小怪集火小怪
不要和MT站 不要站水里"
吉祥天女歼殛战,"极美神
■ 开场先杀左侧小怪
■ 死刑: 光之奔流  ■ 蓝球: 点名二仇波动炮
■ 诱惑之腕: 场边放置
■ 完全拒绝: 接近BOSS ■完全引诱: 远离BOSS
■ P2小怪需均匀削血，留一点HP
等待小怪开启以太后立即击杀
击杀小怪后开启以太防护
■P3后吃地面球可以增加一次以太使用机会"
萨菲洛特歼殛战,"极魔神
【P1分摊】
左ST治疗　右DPS 
单绿圈接近诱导
【绿紫圈、巨人化后散开位置共通】
　 　　BOSS
　　　  紫(orA标记)
近1　MT　ST　近2
　远1　　　　远2
　 　学　　 白
小怪大MT　小ST　顺序→小大小小大小
【巨人化】
塔(Debuff有)　左坦克治疗　右DPS
塔(Debuff无)　左MT　右ST
撼地　左TH　右DPS
LB（物理远程＞法系）"
莫古力贤王歼殛战,"极莫古力
奶妈关注全队状态栏,及时驱散怒发冲冠debuff和莫古乱乱乱debuff
MT拉壁去左下角,ST拉斧去右下角,小怪3层buff挑衅BOSS换T
全体小怪平均削血,没事别站中间"
索菲娅歼殛战,"极女神
信徒阶段2→3→1。魔枪背对人群. 猛突进一人承伤。
▼▼　不平衡之罚散开　▼▼
　　　 　MT/D1
H1/D2　▲女神▲ H2/D3
　　　 　ST/D4
两边连线相差0条去蓝色对面+大倾斜
两边连线相差1条去线多那边+小倾斜
两边连线相差2条去线多那边+大倾斜
睿智之秤(绿色的气息预兆)时换T。"
圆桌骑士幻想歼灭战,"极骑神
P1龙眼之邪背对
天踵 死刑减伤
P2冲刺和人群站场边花纹根部
p2小怪: MT右 ST左 先打剑姿
穿天 南→北→南
龙眼之光后MT将BOSS拉到龙眼处
圣盾猛击 被点名的奶站最后面,ST最前面,除MT其他人站中间 MT不参与"
青龙诗魂战,"极青龙
《菓子系列》极青龙专用宏
——————————————
◆ 升龙踩塔
——————————————
　　 　　 
　MT/D1　ST/D2
　 　 　　 　 　
 H1/D3 H2/D4
　　 　　 
——————————————
◆ 截线：MT左、ST右
◆ 沉默：MT → ST
◆ 顺序：小大小大小
◆ 分摊：A方向H1、坦克
　　 　　C方向H2、DPS"
究极神兵破坏作战,"极神兵
T:三层炸弹debuff换T,第三次以太波动读条开LB
全体:以太波动集体撞球,分摊伤害,必要时开疾跑"
神龙梦幻歼灭战,"极神龙
《菓子系列》极神龙专用宏
——————————————————
　　MT ST　　　|■ 连线+分摊
D1　　　　D2　| MT/D1　ST/D2
　D3　　D4　　| 　　 　 A
 H1　 H2　　| H1/D3 H2/D4
——————————————————
■ 放尾巴
【奶右下 → DPS左下 → T左上or中间】
■ 死亡轮回
【分摊 → MT无敌 → ST无敌 → 分摊】
■ 钻石星辰：H2滑冰
■ 大地吐息：奶妈=左、DPS=右
■ 小怪阶段：MT=中间大龙、ST=其他"
利维亚桑歼殛战,"极水神
奶妈驱散减速,多用再生和能力,少叠水镜
T头尾各一人拉,魔法鱼人记得下踢,不要站在人群方向
DPS远敏近战打尾巴,法师打头
全体出泡泡集火泡泡,BOSS下水迅速开以太防护罩,拍地板开防击退"
泰坦歼殛战,"极泰坦
躲冲拳 躲冲拳 躲冲拳
石牢:dps场中,H→南
先打场中,击退后等冲拳结束打奶
MT将BOSS拉最北侧,ST→小怪→东
炸弹岩石尽量躲,如果躲不掉站石头上,不要吃两次爆炸
3层易伤换T"
无瑕灵君歼殛战,"极完美神
◆ 中场小怪： 
　ＭT - 西（9点） 
　ST - 东（3点） 
◆ 晶石引爆安全点：场地4点方向"
罗波那歼殛战,"极武神
光焰序远离,光焰破去背后
突进找第一个分身,按分身出现方向走
冲天击找栅栏,白圈来分摊"
尼德霍格传奇征龙战,"极邪龙
小怪击杀顺序法拉克ＳＴ→布罗宾雅克ＭＴ→变种龙(学诱导)
ＳＴ远离贴边处理线伤害
          塔散开
　｜   Ａ 　 ↑　    　↑   H2 Ｂ
　｜  　   [D1]  　  [D2] MT ↓
  ｜　
　｜　  ST [D3]  Ｃ  [D4]
　｜    ↑H1   ↓　   　↓　
      燃烧之翼后散开
　｜ＡSt　　　　　　 MtＢ
　｜D1　　　　　　　　 D2
　｜
　｜D3　　　 Ｃ　       D4
　｜ H1　　　　　　 H2
燃烧之翼
不可视AOE,以BOSS为中心直线范围安全,两侧伤害
燃烧之尾
不可视AOE,以BOSS为中心直线范围伤害,两侧安全"
缇坦妮雅歼殛战,"极妖灵王
◆ 踩水圈 
H1　MT      H2 
 　 ST    D2 
D3    D1      D4  
◆ 火分摊
西1点：ST  H1 D1 D3
东2点：MT H2 D2 D4 
◆ 荆棘扯线
西北：TH     东南：D    ※顺时针旋转
◆ 雷截线
西1点：D1→D2→D3→D4→H1→ST
◆ 小怪
西：ST     北：MT"
月读幽夜歼灭战,"极月读
《菓子系列》极月读专用宏
—————————————————
■ 铳弹分摊：BOSS背后
■ 长矛分散：BOSS面向为基准
　　　 T
　   H  ●
　　　 D
—————————————————
■ 月读陨石
坦克：A（月牙角上）
奶妈：B或D（月牙对面）
DPS：C（月牙角上）"
俾斯麦歼殛战,"极云神
打BOSS的壳和核心时记得上背！
MT拉左侧蛇,ST拉右侧蛇
雷雨天不打水泡分散站位,其他天气打水泡中间集合"
朱雀诗魂战,"极朱雀
《菓子系列》极朱雀专用宏
———————————————————————
◆羽毛""X""型/小鸟复活｜◆羽毛""十""型/P3踩塔
———————————————————————
　MT/D1　ST/D2　 ｜　 　　MT/D1
　　　 　　　 　　 　 ｜H1/D3　　　ST/D2
 H1/D3 H2/D4　｜　 　 H2/D4"
迦楼罗歼灭战,"PT迦楼罗
开场拉在12点背对人群，其他人远离4个柱子
BOSS 读条螺旋气流，MT穿过BOSS躲避
BOSS第一次上天，所有人柱子后面躲避
BOSS读完寒风啸后，就可以出来了
BOSS召唤小羽毛，第一时间打掉，会炸掉柱子
BOSS喊话四分五裂，根据柱子剩余情况掉血，注意抬血
爆炸后MT前往7-8点方向等BOSS（可以事先提前标记位置）
旋风躲好，小怪杀掉，先杀绿色的，红的ST拉住，打不打随意
打的慢的话，出现柔羽及时打掉，MT暴风技能一步一步的躲好"
拉姆歼灭战,"PT拉姆
进门陆地6点方向标A，核心技能混乱冲击
尽量去A点集合用电击圈电醒。电圈躲好
留下的电球回收好，电球越多AOE越疼
开场电球MT可以考虑吃3个获得BUFF，其他人随时注意远离MT
小怪阶段一定先打小怪，打BOSS太多血，会团灭
P3阶段读条滚雷，并且连线两名玩家
这个阶段的电球尽量留下3个以上，被连线的任意玩家连吃3个即可解除
"
利维亚桑歼灭战,"PT利维亚桑
开场左侧（长边）中央标A，头尾有仇恨，分别拉
DPS法系打头，物理打尾
治疗站中央，彼此适度分开
真神跳水不会掉下去，但建议掌握观察方法
（第一次下潜，观察长边即A点，出水柱往反方向跑
之后下潜，看短边，如果短边出水柱，就往没水柱的半场跑
如果长边（甲板两侧）出水柱，就转身往后面跑
如果有声音但没水柱，往前跑到甲板边）
吹水泡，第一时间击杀。提示可以使用魔法壁障，BOSS下潜后
打开壁障抵御巨浪，不然会团灭
要注意BOSS血量30%，如果属性转换以太不足30，则无法打开壁障
小怪波齿鱼人不能打断，优先击杀"
莫古力贤王歼灭战,"PT莫古力
P1 出啥打啥，P2 背口诀 “力音愈壁斧弓障”
P2BOSS出现，MT带到场边，ST带力和斧去另外一边
其他不管，按照口诀快速击杀
小怪不死别碰BOSS！注意！"
那布里亚勒斯讨伐战,"那布里亚勒斯
BOSS读条二重/三重之后，会接电火花
治疗注意提前预读加血，T在三重接电火花的时候记得开减伤
BOSS之后去中央，所有人撞球，一红一黑的撞
不要撞到同一颜色，撞多了会死，尽量把球撞光
出现的小怪顺路打掉即可
BOSS20%血后，会去中央放裂缝
所有人先远离，上好各种BUFF，比如骑士可以开无敌
DPS开爆发，开好后进入裂缝，BUFF会延时10倍时间
进去后会掉陨石，注意踩圈
打完裂缝，直接撸"
死化奇美拉讨伐战,"死化奇美拉讨伐战
T把奇美拉拉出洞，拉到山顶
寒冰咆哮打断，其他出啥躲啥
不拉出山洞，治疗压力大
"
泰坦歼灭战,"PT泰坦
躲好直线技能，躲好流沙，不要太分散
雷分两种，圆圈雷和川字雷
圆圈雷中央集合，等外圈第一个炸了以后立刻跑过去躲
川字雷先去旁边，中央炸了后去中央躲避
场地会越来越小，注意别掉下去
BOSS随机点名花刚牢狱，建议走到BOSS附近方便集火打掉
打掉后治疗注意驱散他的debuff
MT注意BOSS用另外的手打你，之后就是掀桌
掀桌要开减伤！"
无限城的死斗,"无限城的死斗
两个怪拉开先打鸟人，这个副本的连线是靠近，是靠近，是靠近！
被变鸡的人去踩风，其他人注意躲开风
P2点名一个治疗，读条捕获，发现读条时，治疗远离BOSS
DPS解救治疗，如果治疗和BOSS太近，会越难打，T注意太近拉开
其他出啥打啥，出啥躲啥"
希瓦歼灭战,"PT希瓦
MT穿越BOSS躲好冰河怒击技能
BOSS说严冰之刃将守护我的兄弟，MT开好减伤
地上的圈尽力躲，躲不开硬吃一个，别多吃
小怪不及时打会团灭，但小怪刚出BOSS就起飞了
说明打BOSS太快，下次慢点打"
伊弗利特歼灭战,"PT伊芙利特
一定转火契，BOSS冲锋时，3只12点顺时针方向依次冲锋，尽力躲
别慌张，实在不行吃一个，1个不会死，3个必死
三阶段BOSS读条光辉炎柱，T注意打断，掉血很多"
遇袭集落水滩村,"71水滩村
老一 会在场地上召唤一些光球，光球会使用十字AOE，蓝色方形AOE是冲锋，后面会接扇形AOE。“颈手枷”注意减伤和回复。
老一到老二
路上的小怪会给MT上减速，注意驱散。
老二 头顶出现1~4饼的图案，所有人4方向分散围住BOSS即可。处理完分摊之后，地面会出现冰圈
老三 斐利亚 “钟摆”是双重距离衰减伤害，T贴场边放点名，其他人反方躲避。BOSS会随机捆绑一名玩家，其他人注意转火解救队友，“左/右鞭打”是左右连续施放的(均有读条)，要注意。最后的“激烈捶打”，BOSS会按照箭头方向使用技能并旋转，只有在BOSS两侧是安全的。它会旋转使用多次，注意躲避。"
水妖幻园多恩美格禁园,"73水妖本
老一之前：注意打断“浇水”。
老一美眼 因克·佐恩，“水脉乱打”水塘砸一次会变成小喷泉，第三次就会喷发，注意回避。
老一到老二，注意打断“浇水”。
老二格里奥勒，需要所有人一人挡住一根线，拦截营养。剩下的出啥躲啥有啥打啥。
老三乐圣 因克·佐恩，“痛打”对MT死刑，残酷狂想曲”是全屏AOE。
“青蛙歌唱队”正面施放120°变呱光线，穿背躲避。
 “独木桥幻想曲”，会把所有玩家击退到场边，并在场地中央出现一个独木桥，如果掉下去的话就会回到起点重来，前进到BOSS身下，打掉梦幻的弦乐器就可以阻止“终章”的咏唱，终章咏唱结束就会团灭。
BOSS使用自身变异幻想曲之后，会变为另一种形态，如果发现BOSS突然转身，注意躲避正面；发现BOSS四只触脚抬起，注意躲开触脚下方。"
文明古迹奇坦那神影洞,"75神影洞
老一之前：被连线的石像会发出激光，需要所有人找石板躲避。
老一洛查特尔洛查特尔，读条“洛查特尔的骂声”，场地北面的石像会发动半场AOE，所有人躲避到没发光半场。“赤热化”BOSS会随机转向并使用半场AOE，所有人注意躲避。这两个技能同时出现时，必定会有1/4场地是安全的，冷静观察躲避即可。
老二大脚野蝠，“亚音速”全场AOE附带天上掉石头AOE，最后天上会掉下来两根大钟乳石，BOSS的“声波”读条会推到这些钟乳石，往场边躲避是比较安全的(石柱一定会倒向场内)。
老三艾洛斯，被连线的玩家需要远离BOSS。BOSS使用吸气+吐息时，会先把玩家吸引过去，然后沿场地箭头方向击退，注意避开场地上的毒潭。BOSS读条“信仰宣言”之后，如果是分摊，请在BOSS正中央分摊，如果是红圈点名，请分散到BOSS两侧躲避。"
避暑离宫马利卡大井,"77大井
老一 大犰狳，“大回旋”是近身360度回转攻击。“重锤碎击”需要先远离，再靠近，同时伴有小AOE，冷静躲避即可。
老二 水陆两用塔罗斯，技能“钻井”，先远离躲避AOE，之后场地会出现喷泉，紧接着“高压”全屏击退(防击退有效)，不要被击退到水里。
“强制排水”，周身出现旋转箭头，一边使用范围技能一边旋转，躲在BOSS身后跟着它转即可安全回避。
老三 斯托尔戈BOSS读条“异端十字叉”，同时身边出现4个三角形白光，站在三角底边交点处的地方即安全。“碎轮”站在BOSS圈内安全。召唤的4个羽毛和BOSS本体会轮流发动上述两个技能，注意观察，冷静寻找安全点。"
伪造天界格鲁格火山,"79火山
老一得到宽恕的残忍，“流明无限”躲开正面。“台风之翼”，同时身下出现3个风球，需要站在2个风球之间躲避。
第三次台风之翼开始，所有人需要远离BOSS同时远离场边的风球。
老二得到宽恕的无常，当BOSS转完了之后，有脸的格子对应我方场地上就会出现AOE。在后半程除了有脸之外，场地上还会出现2个光球，光球会用环形AOE。
“审判日”是场地上出现光圈，需要有玩家站在里面，直到天上的球落下。
老三得到宽恕的猥亵读条“神削弱”，同时出现自身脚下范围AOE，躲避时请紧贴范围圈躲避，BOSS强化之后的这个技能在外圈会再多加一层AOE。
BOSS周身出现金色圆形，需要躲开BOSS正面及金色圆形正面。BOSS使用“羽制傀儡”会召唤4个傀儡，本体头顶会有金光，同时会复读上述2个技能。"
红宝石神兵狂想作战,"极红玉神兵
《地面液化》
　　 　　ST
　　 D1　　　D2
　 H1　　　　 H2
　　 D3　　　D4
　　　　 MT
☆掘地雷：顺时针方向放置
《利爪突进》
　　 D1　　　D2
　 H1　　　　 H2
　 D3　　　　　D4
　　 MT　　　ST
☆陨石1：以北为起始点，顺时针放置
☆陨石2：MT西南/ST东北"
伊甸零式希望乐园 (共鸣之章1),"E5S
┌─【雷云和雷暴】─┬─【撞柱】─┐
│　　　　　│　　│
│　　　　　│　　　　│
│　　　　●　　　　│　　　　│
│　　　　　│　　坦克　　│
│　　　　　│　　　　│
├─【链雷远程传】─┤　　　　│
│　　　　　│　　　　│
│　　　　●　　　　│　　　　│
│　　　　　│【挡冲锋】│
│　│》》│
└【奶》远》近》奶】┴──────┘"
伊甸零式希望乐园 (共鸣之章2),"E6S坦远同向
┌【双人分摊及扇形】┬【火神业火拳接线】┐
│││第一次远程双　│
│││第二次点名远程　│
├─────────┼─────────┤
├【双体阶段分组】─┼【火龙卷：同向式】┤
│││　　连线　　│
│││││
│在标点处理死刑│　　连线　　│
│场地切割左或上集合│同侧双圈换│
├─────────┼─────────┤
├【合体业火拳引导】┼【分摊后接业火拳】┤
│先│四角分摊后不动│
│后│顺时针移动度│
└─────────┴─────────┘
伊甸零式希望乐园 (共鸣之章3),7s集合式"
伊甸零式希望乐园 (共鸣之章3),"E7S集合式
┌─球连线传送─┬─传送门─┬极夜机动┐
│　　　│红动　蓝停│　　│
├─┬────┬─┼白夜机动┤　　│
│❹│　　　　│❶│　││
│❸││❷│　││
│　││　│　│　　│
├─┴────┴─┤　│　　│
├─包围号令─┬─┴──┬──┴────┤
│　　●　　　├夜袭号令┼─鸽龙卷站位─┤
│　　　│集合式│　　  │　　  　│
│　　　　●│左下右上│白色／＼黑色　│
│●　　　　│红动蓝停│　／　　＼　　│ 
│　　　│左侧放圈│／　坦克　＼　│ 
│　　　●　　└────┼─撞球优先级─┤
└近战同色交换踩塔┴》小》大┘"
伊甸零式希望乐园 (共鸣之章4),"E8S
◆钻石星尘/光之失控
　　 　　      　｜驱散：》、》
   ｜三角：西北、东南
正方形连线：左与换位 ｜沙漏形连线：左与换位
　◆钢铁月环X型　　　  　｜　　◆钢铁月环十型
 　/　/　｜　　　　 /
 　　　　　　　　　　　　｜　/　　/
 　/　/　｜　　　　 /
 ◆默认分组
 左：   　 ｜　右：   
 ◆小怪阶段
 截线：》》远》近
 沉默：左边远》  ｜ 右边两次
 ◆冰光龙诗
　  　 ｜ 驱散DPS↓
　  ▼  　   ｜
 　 　 ｜ 驱散DPS↑
◆红蓝调整： 换位"
光之战士幻耀歼灭战,"极光战
■基本站位　　 　　　　■LB3/塔8连/战士引导/忍者(防击退)
D3　MT　 D4　　　　　　 　MT/D3
 H1　 ★ 　 H2　　　　　H1/D1 ★ H2/D4
 D1　 ST 　D2　　　 　　　　ST/D2
―――――――――――――――――――
■巴哈线/暗四角　 　　■LB1/诗人距离衰减(中央分摊)
 MT/D3　　H2/D4　　　　　   T
　　　　　　　　　　　　　  H　　 H
 H1/D1 　　ST/D2　　　　　 DPS
―――――――――――――――――――
■LB2/小怪(线TH塔DPS)
　西：MTH1D1D3　　东：STH2D2D4
―――――――――――――――――――
※※【陨石十字】【忍者防击退】※※"
博兹雅堡垒追忆战,"极老屁股
    【基本分散】       I           【分摊】
  H1　MT　D4       I
                             　  I MT/H1          ST/H2　
  D1　　  　D2       I D1/D3          D2/D4
 　　　        　     　 I
  D3　 ST  H2　  I  ※南北(顺时针转)
 ーーーーーーーーーーーーーーーーーーーー
    【魔导电火花】   I           【更强】 
  MT                   ST   I   ①基本分散
    H1               H2    |   ②内侧移动
       D1         D2       I   ③顺时针移动
            D3 D4          I   ④逆时针移动"
希瓦幻巧战,"幻希瓦
◆ ""X""型分散　｜◆ ""十""型分散
———————————————————
D3　　　D4  ｜　 　 D3
 　MT　ST　 ｜　 　 MT
 　 　　 　 ｜H1 D1　　ST D4
 　D1　D2　 ｜　 　 D2
H1　　　H2  ｜　 　 H2
———————————————————"
俾斯麦歼灭战,"PT云神
打BOSS的壳和核心时记得上背！
一蓝一绿两只小怪记得拉开
胖鸟的aoe会把人推下平台
掉下去无法复活！"
圆桌骑士歼灭战,"PT骑神
出啥躲啥，P1“龙眼之邪”需要转身背对
中间有一个阶段会从地面冒出塔来，记得踩塔。
P2结束之后转场记得往BOSS方向移动，会有一个持续击退"
尼德霍格征龙战,"PT邪龙
出啥躲啥，被点名不要重合
小怪按“四腿蜥蜴龙→蛇形龙→变种龙”的顺序打"
祖尔宛歼灭战,"PT鬼神
出啥躲啥
小怪先打“智慧”，然后“意志”然后其他
踩同属性的塔，冰踩冰，火踩火"
索菲娅歼灭战,"PT女神
暴风(钢铁)后接暴雷(月环)
小怪尽快打掉，不然会团灭，顺序231
倾斜天平之前向线少,或没线的方向移动，以免掉下去
P2后会有随机四名成员被点黑白圈，2黑2白，黑+白靠近即可解除"
吉祥天女歼灭战,"PT美神
核心机制“元气”，在你的技能栏上方会有一个小技能栏，蓝色的图标
可以通过场上出现的蓝色小球补充
转阶段时使用的“”魅惑拥抱”请开启“元气”处理"
神龙歼灭战,"PT神龙
神龙普攻会同时打两个T
场地随机一个方向出现水柱，迅速靠近水柱，或者防击退以免被冲下平台死亡。
巨浪之后，会出现几个水圈，踩上去减少所受火属性伤害，增加所受雷属性伤害"
月读歼灭战,"PT月读
黄泉的铁尖：读条技能，BOSS前方的可见范围的扇形Aoe，走位回避
黄泉的铳弹：读条技能，点名随机1人释放的直线分摊，请集合分摊
P1会出现两团互相连线的烟雾，请集火打掉
P3场地会变成黑白两色区域，长时间在一个颜色的区域站着会直接死亡
P4读条“月刀左斩&月刀右斩”去相反方向躲避"
末日暗影亚马乌罗提,"80末日暗影
沿途会有小怪给队友连线，被连线的玩家会中火属性耐性降低或治疗魔法效果降低的debuff，建议优先击杀。
老一第一之兽，“流星群”会点名DPS玩家一个巨大的黑圈和红色点名，请互相分散(但不要过于贴边)，点名消失后离开原位，在原位会有陨石落下(附带范围AOE)，之后BOSS读条“末日流星”的时候，需要躲在陨石后才能回避。其他的出啥躲啥就行。
老二到老三 和前面一样，有连线的小怪需要打掉。
老二终末的指引，都是小怪。
老三至大灾兽，读条“启示录”，需要到场地两侧的耳台躲避，注意发紫光的耳台会碎，不能站人，激光时间很长。距离衰减AOE“灾兽冲锋”会伴随BOSS向前挺进。场地两侧出现人头时，会随机一侧发出激光，激光是持续伤害，一侧结束后另一侧发出激光。另外BOSS还会单点1名玩家发射直线激光，注意躲避。"
异界遗构希尔科斯孪晶塔,"80孪晶塔
老一扎戈斧龙：“预兆”是一个无范围预警扇形AOE。玩家头顶出现刀形状的点名时，BOSS会按照刀数量的顺序使用直线AOE，互相不要重叠，不要打到两侧的罩子。巨大绿色圆圈点名分散以及集合分摊同理，如果小怪被打出来了，记得优先处理小怪。
老二米特里达梯，场地上出现的雷球需要适当远离，其他的出啥躲啥。
老三泰空，读条“魔导交叉激光”时，身体前后左右会出现一个光点，远离光点，这里会发射激光，站在两个光点之间略靠外躲避。激光发射出来之后，会出现暂停的紫粉色伤害区域，不要撞进去，时间结束后会发展为直线AOE。
另外还有从场边发射激光的“魔导防护激光”，和前面同理，会有激光炮蓄力的光点。
“人造重力”读条后，地上出现红黑色的小圆点，这个小圆点会扩大，注意寻找安全区。"
创造机构阿尼德罗学院,"80创造机构
老一之前：没什么特别的
老一裂口鲨 和 原祖鲨，蓝色的鲨鱼会释放近身圆形AOE，红的会释放扇形AOE。当一只鲨鱼跳下水后，另外一个颜色的鲨鱼会来到台上挨揍，水下的鲨鱼会绕着台子游，当它停下的时候，会在原位向场内放自己的AOE(蓝色是圆形AOE，红的是扇形AOE)，如果水下是蓝色鲨鱼，只要远离蓝鲨鱼所在半场即可，如果水下是红鲨鱼，则需要靠近鲨鱼并贴场地两侧躲避扇形AOE。双方会不断交换，直到结束。
老一到老二 没什么特别的
老二侯爵魔界花，出啥躲啥，当魔界花4只脚抬起的时候，需要站在两只脚之间躲避，它会一边转一边抬脚砸地5次，在最后一次砸地后，还会释放正面AOE，因此所有人需要在BOSS的侧面/背面躲避跺脚。在后半程战斗中，还有部分草地场地会变紫，远程可以站在环形无毒地板上输出，需要同时注意紫色有毒地板和BOSS抬脚砸地。
老二到老三 恶魔装甲会读条“新烈光”(全屏AOE)，可打断。
老三克察尔科亚特尔，出啥躲啥，BOSS会点名玩家和场地随机放雷圈，场地雷圈在点名之后会留下一个电球，撞球吃球可以获得伤害提高的buff，不吃球的话会导致BOSS伤害提高，因此玩家需要尽可能回收场地上的雷球。另外BOSS还会跳到场边并击飞玩家，AOE后T尽可能把BOSS带回场地中央，以便处理后续机制。"
魔法宫殿宇宙宫,"80宇宙宫
老一之前：小怪会从周围的墙上、画上跑下来。T注意不要闷头跑过头了。
老一宫殿的隐者，碰到扫帚会被击飞，并获得1层受伤加重，注意不要吃太多层。
老二凉南希，玩家需要在“育芽之谣”读条结束之前，把种子从草地方块搬到荒地方块上，否则种子就会发芽变成小怪。第二次播种之后会吹风，吹风会把种子按照箭头方向吹1格距离。
老三卢格斯，“左/右炎狱斩”，BOSS会转身，注意看好BOSS面向再躲。“鬼炎斩”，玩家头顶会出现红色点名，会留下一个中等范围的十字AOE，切记不要让十字AOE打到场边的家具。“必灭之炎”，玩家需要把蓝点名的火焰传递给场边的家具。“炎狱杀”，会依次点名4名玩家并出现连线，玩家需要远离到连线变为紫色，BOSS会按顺序冲向玩家，并立刻使用扇形顺劈AOE，所有人远离的同时身后不要有家具。"
缇坦妮雅歼灭战,"PT妖精王
“幻之符文”根据AOE范围提示决定靠近还是远离
“魔之符文”对MT扇形AOE+大伤害。
“水之符文”水圈需要一人站一个
“火之符文”水塘里分摊即可
“根之符文”植物的根会沿着预警方向伸长。
“冰之符文”和冰神希瓦的九连环是完全一样的，如果实在不会就原地硬吃一层。
小怪阶段，2个T分别拉住西场的豌豆花和北场的帕克，其他人全力进攻3点的芥子，由于T负责的小怪有正面顺劈死刑，所以推荐原地拉住即可，不要带着跑来跑去。打掉芥子之后再转火另外2只小怪。
全部打掉小怪复活变大，再来一次。
小怪全部打掉之后会进入转场动画，可以适当布置减伤，动画结束之后进入P3。P3的基本技能在P1都见过了。"
无瑕灵君歼灭战,"PT无瑕灵君
开场后不久BOSS就会召唤小怪，T全部拉住即可，小怪会读条AOE。小怪打掉之后场上会出现4个圈，需要踩圈+背对BOSS处理。
“断罪飞翔”有两种效果，一个是召唤2根雷柱，释放3根AOE伤害，需要钻缝隙躲避；一种是召唤电风扇AOE，需要顺着AOE弯曲的方向前进。
“断罪回旋”BOSS放出的剑会停留在场地外缘，翻转180°再飞回来，因此不要急于移动位置，否则有可能吃到第二次伤害。
小怪阶段请按照蓝色连线的顺序击杀，打掉所有小怪之后，BOSS会发动转场技能，如果身上叠了超过1层的斩击耐性降低debuff，请务必大量布置减伤，否则极易团灭。
接下来就是各种躲AOE，当BOSS前往场边的时候，需要按照AOE范围预警提示的流动方向，尽可能往远离BOSS的两侧躲避。重复几次就过了。"
哈迪斯歼灭战,"PT哈迪斯
死刑是范围AOE，不要随便靠近MT
“失信”，在没有箭头的方向躲避
天上会掉下蓝色发光的魔法阵，注意远离
小怪阶段中途会出现分摊+圆圈点名的标记，被点名圆圈的玩家注意远离，剩下的玩家场中分摊
“暗影流”，向场地两侧躲避。“双重强袭”是对当前仇恨前2的玩家点名大伤害，ST注意保持二仇
当BOSS伸出1只手，需要走到手臂外侧
当BOSS伸出2只手，需要停留在场地中央
“囚禁”被点名的玩家需要远离其他人
场地变黑并所有人附加死亡宣告时，需要所有人踩亮地上的光环
场地上出现箭头流动的时候，需要走到箭头起源的方向
头顶出现金色点名的玩家，BOSS会向该方向释放扇形AOE，引导到场边。
锁链捆绑之后提示“动态演练”，脸滚键盘即可解除
最后BOSS会使用“黑暗侵蚀”造成全场AOE，每5次是一次大伤害，同时场地外周会被侵蚀。"
帝国南方堡外围激战,"50南方堡
主要就是跟着人群走。
魔导巨兵改，被连线时防御大幅上升，在85%血时控制BOSS快速输出，可以跳过高防御机制。
最后一个BOSS比较特殊，只有场地两边的迫击炮能对BOSS造成伤害，并且仇恨机制是谁打她她打谁。开场请T拉住BOSS站在中间挨打，其他玩家调查迫击炮弹，等魔导爪填装完毕后，右键互动迫击炮，向BOSS开炮。BOSS被击中后会追着开炮的人打，请被打的开炮玩家跑回场中不动，BOSS伤害很低请不要乱跑。迫击炮附近会出现小怪，请及时击杀。"
水晶塔 古代人迷宫,"50水晶塔1
BOSS1 骸骨龙 出啥躲啥和人群站一起
道中 三个岔路口从左到右分别对应ABC三队，等人齐了再进！等人齐了再进！等人齐了再进！
BOSS2 塔纳托斯 身上有星极体buff的才能攻击BOSS，其他没被连线的人可以打小怪 连线顺序是A队-B队-C队
道中 三个沙瓦克一队负责一个，沙瓦克打完再击杀中间的爆弹怪。
BOSS3 贝希摩斯王 铁巨人由DPS尽快击杀。绿色点名的放在场地内。  BOSS 读条黄道陨石的时候躲到彗星背面。
BOSS4 提坦 T拉到中央偏六点方向，BOSS回场中读条古代核爆时所有人立刻回到本队标点的台子上。"
天幕魔导城最终决战,"50动画城
出门跟人群冲，小怪不用管，直接点魔导终端下层
BOSS1 魔导巨兵二型 打就行
打完跟人群走，注意拿魔导装甲认证装置
BOSS2 尼禄 打就行
BOSS3 盖乌斯 打就行
BOSS4 究极神兵  开怪后BOSS无敌，被攻击一段时间后会解除无敌，打就行
BOSS5 究极神兵 走位躲开浮游炮，打就行
BOSS6 拉哈布雷亚 打就行"
水晶塔 希尔科斯塔,"50水晶塔2
BOSS1 妖艳无比的六兽妖 连线紫球撞场边柱子。蓝色连线不用管被冻住后等红色连线的人撞你。boss读条古代核爆就站在解冻后的水里
BOSS2 金刚不坏的守护者，打就行。
BOSS3 才思敏捷的亚蒙 第一时间击杀魔科学物质66，被紫球连线的去撞库姆库姆使他变小，变小后击杀，变青蛙的注意躲蛇，青蛙可以救解冻的人但记得留点冰块躲后面的核爆
BOSS4 始皇帝赞德 黑圈需要分摊 所有人都集中在boss身下就行，别一个人跑出去"
伊甸零式希望乐园 (再生之章1),"E9S
 ■暗之战技
【八方分散】      | 【两人分摊】
D3    MT    D4    |            MT/D3
H1             H2    |   H1/D1          H2/D4
D1    ST     D2     |            ST/D2
■放置种子     | ■荆棘连线
     MTD2      |      MTH1      D2D4
H1           D4 | 
H2           D3 |
     STD1        |      STH2       D1D3"
伊甸零式希望乐园 (再生之章2),"E10S
【基本散开】   ｜     【黑泥】
　D3 MT D4　  ｜　　 D3 MT
　H1 ■ H2　　｜  H1　         D4
　D1 S TD2　　｜  D1　　     H2
　　　               ｜ 　　ST D2
【魔影球】
 MTH1D1D3   12点逆时针
 STH2D2D4       1点顺时针
【大狗转转乐】
 左：MTH1D1D3　STH2D2D4：右
【离别之锁】
TN：北　DPS：南"
伊甸零式希望乐园 (再生之章3),"E11S
【基本散开】※分摊→DPS顺时针旋转　           　
   D3 MT D4　 　　　             　
   H1 ■ H2　 　　 　            　
   D1 ST D2 　　 　                   
  【光分摊】
 　　MTST
H1D1D3 ■H2D2D4
【第二次光轮召唤】
　 D3　MT
H1　 　 　D4
D1　 　 　H2
　 ST　D2"
伊甸零式希望乐园 (再生之章4),"12S
◆希瓦　     |  ◆分组
D3 MT D4　|  MT组 MTH1D1D3
H1  ▲  H2　|   ST组 STH2D2D4
D1 ST  D2　|   (兄贵D3D4前 、D1D2背)
　◆泰坦1 　 |   　 ◆泰坦2　　| 　 ◆泰坦3
　    蓝D 　    |   　      蓝1　  　 |   蓝TH 　   蓝D
橙TH　  橙D |   橙TH 　   橙D   |
黄H 黄T 黄D |   　　  蓝2      　 |   黄TH  橙  黄D
◆狮子 北：H1MTH1 / D3D1D3  南：H2STH2 / D4D2D4
--------------------------------------
◆   一火分散        |◆二运分散 |　◆一运
　D1　D2             |　D3 MT D4|　西←D1D2D3D4→东
　MT　ST             |　H1  ▲  H2|　◆三运分组
　H1　H2　D4     |    D1 ST  D2|　北：MT、H1、D1、D3
　 　　 D3            |                    |　南：ST、H2、D2、D4
↑左半安全D3D4翻转 |　(同BUFF时D2D3互换)
"
