1,刃风
2,意气冲天
4,士风
6,花车
9,刃风
11,阵风
11,必杀剑·闪影
13,月光
14,明镜止水
15,雪风
16,必杀剑·回天
17,纷乱雪月花
18,纷乱雪月花
19,回返雪月花
20,心眼
21,月光
22,必杀剑·回天
24,彼岸花
24,彼岸花
25,照破
26,月光
27,必杀剑·星眼
28,刃风
29,必杀剑·震天
30,士风
32,花车
34,刃风
37,雪风
38,必杀剑·回天
39,纷乱雪月花
39,纷乱雪月花
41,刃风
43,阵风
45,月光
47,刃风
49,士风
50,心眼
52,花车
52,必杀剑·震天
54,刃风
55,必杀剑·星眼
56,雪风
57,必杀剑·回天
58,纷乱雪月花
59,纷乱雪月花
60,刃风
62,雪风
63,意气冲天
64,叶隐
64,刃风
65,必杀剑·震天
66,心眼
67,阵风
67,必杀剑·震天
69,月光
70,必杀剑·晓天
71,刃风
72,必杀剑·震天
73,雪风
74,明镜止水
75,花车
76,必杀剑·回天
77,纷乱雪月花
78,纷乱雪月花
79,照破
80,回返雪月花
80,必杀剑·星眼
82,月光
82,必杀剑·回天
84,彼岸花
85,彼岸花
85,真北
86,月光
88,刃风
89,必杀剑·震天
90,士风
93,花车
95,刃风
97,雪风
98,必杀剑·回天
99,纷乱雪月花
100,纷乱雪月花
101,心眼
101,刃风
102,照破
103,阵风
104,必杀剑·星眼
106,月光
108,刃风
108,必杀剑·震天
110,士风
112,花车
114,刃风
116,心眼
116,雪风
117,必杀剑·回天
119,纷乱雪月花
119,纷乱雪月花
121,刃风
123,阵风
124,意气冲天
124,真北
125,月光
126,必杀剑·震天
127,刃风
129,士风
130,必杀剑·星眼
131,花车
136,必杀剑·晓天
137,刃风
138,心眼
138,必杀剑·闪影
139,雪风
140,明镜止水
141,必杀剑·回天
141,纷乱雪月花
142,纷乱雪月花
144,回返雪月花
144,照破
146,月光
146,必杀剑·回天
148,彼岸花
149,彼岸花
150,月光
152,花车
153,必杀剑·星眼
154,刃风
156,雪风
157,必杀剑·回天
159,纷乱雪月花
159,纷乱雪月花
161,刃风
163,阵风
165,月光
167,刃风
168,冲刺
169,士风
170,真北
172,花车
174,必杀剑·晓天
175,刃风
177,雪风
178,必杀剑·回天
179,纷乱雪月花
180,纷乱雪月花
180,照破
181,刃风
182,必杀剑·震天
183,阵风
184,意气冲天
185,真北
185,月光
188,刃风
188,必杀剑·震天
190,士风
190,心眼
192,花车
194,刃风
196,雪风
197,必杀剑·震天
198,刃风
200,必杀剑·回天
200,纷乱雪月花
201,纷乱雪月花
204,回返雪月花
206,雪风
206,明镜止水
207,必杀剑·回天
208,彼岸花
209,彼岸花
209,照破
210,月光
212,花车
214,雪风
216,必杀剑·回天
216,纷乱雪月花
217,纷乱雪月花
218,必杀剑·震天
219,刃风
221,阵风
222,心眼
223,月光
225,刃风
227,士风
228,必杀剑·星眼
229,花车
232,刃风
234,雪风
234,必杀剑·回天
235,必杀剑·震天
236,纷乱雪月花
237,纷乱雪月花
238,刃风
239,冲刺
240,雪风
243,必杀剑·晓天
244,刃风
245,必杀剑·震天
246,阵风
247,意气冲天
248,必杀剑·震天
248,月光
259,刃风
261,士风
262,必杀剑·闪影
263,花车
264,明镜止水
265,必杀剑·回天
266,纷乱雪月花
266,纷乱雪月花
267,照破
268,回返雪月花
270,月光
271,必杀剑·回天
272,彼岸花
273,彼岸花
274,月光
276,花车
279,刃风
281,雪风
282,必杀剑·回天
283,纷乱雪月花
284,纷乱雪月花
284,照破
285,刃风
287,阵风
288,真北
289,月光
292,必杀剑·晓天
292,刃风
293,必杀剑·震天
295,士风
297,花车
299,刃风
300,心眼
301,雪风
302,必杀剑·回天
303,纷乱雪月花
304,纷乱雪月花
305,刃风
306,必杀剑·震天
308,士风
308,意气冲天
309,真北
310,花车
312,刃风
313,必杀剑·震天
314,阵风
315,心眼
316,月光
317,牵制
318,刃风
319,必杀剑·震天
320,雪风
321,必杀剑·震天
323,刃风
324,必杀剑·晓天
325,阵风
326,必杀剑·回天
327,纷乱雪月花
328,纷乱雪月花
329,回返雪月花
330,照破
331,月光
332,明镜止水
334,花车
336,雪风
336,必杀剑·回天
338,纷乱雪月花
339,纷乱雪月花
340,月光
342,刃风
343,必杀剑·震天
344,士风
345,必杀剑·震天
346,花车
348,刃风
350,心眼
351,雪风
352,必杀剑·震天
368,意气冲天
372,默想
385,心眼
389,刃风
390,Item_Fbf55
391,阵风
392,必杀剑·闪影
393,必杀剑·回天
394,纷乱雪月花
395,纷乱雪月花
396,回返雪月花
397,照破
399,月光
401,刃风
404,士风
404,必杀剑·回天
406,彼岸花
407,彼岸花
408,花车
