1.3,刃风
2,意气冲天
3.7,士风
4.7,浴血
6.2,花车
8.3,刃风
10.5,阵风
11.4,必杀剑·闪影
12.6,月光
13.4,明镜止水
14.8,雪风
15.4,必杀剑·回天
16.2,必杀剑·震天
17.7,纷乱雪月花
19.1,回返雪月花
20.2,心眼
21.2,月光
21.9,必杀剑·回天
24.1,彼岸花
24.8,照破
25.5,月光
27.6,刃风
28.4,必杀剑·星眼
29.8,雪风
31.9,刃风
34.1,士风
36.2,花车
37,必杀剑·回天
39.1,纷乱雪月花
40.5,刃风
42.7,雪风
43.4,必杀剑·震天
44.8,刃风
47,阵风
49.1,月光
50.5,心眼
51.3,刃风
53.4,士风
54.3,必杀剑·星眼
55.5,花车
56.3,必杀剑·回天
58.4,纷乱雪月花
59.9,刃风
60.5,牵制
62,雪风
62.7,意气冲天
63.3,必杀剑·震天
64.1,刃风
65.5,心眼
66.3,阵风
67,冲刺
68.5,月光
69.3,必杀剑·晓天
70.6,刃风
72.8,士风
73.5,必杀剑·星眼
74.9,花车
75.6,明镜止水
76.3,必杀剑·回天
77.8,纷乱雪月花
78.5,照破
79.2,回返雪月花
80.5,心眼
81.4,花车
82.2,必杀剑·回天
84.3,彼岸花
84.9,必杀剑·星眼
85.7,月光
87.8,花车
89.9,刃风
90.7,必杀剑·震天
92.1,雪风
92.7,必杀剑·回天
93.4,必杀剑·震天
95,纷乱雪月花
95.6,照破
96.4,刃风
98.5,雪风
99.8,心眼
100.7,刃风
102.8,阵风
103.6,必杀剑·星眼
104.9,月光
107.1,刃风
109.3,士风
111.4,花车
112.1,必杀剑·回天
114.4,纷乱雪月花
114.9,必杀剑·夜天
115.7,燕飞
118.1,必杀剑·晓天
118.9,刃风
121,雪风
122.7,意气冲天
123.4,刃风
125.5,阵风
126.4,必杀剑·震天
127.7,月光
129.9,刃风
132,士风
137.7,花车
138.4,明镜止水
139.1,必杀剑·回天
140.6,纷乱雪月花
141.2,必杀剑·闪影
142,回返雪月花
142.7,照破
144.2,月光
144.8,必杀剑·回天
147.1,彼岸花
147.7,心眼
148.4,花车
150.6,月光
151.2,必杀剑·星眼
152.7,刃风
154.9,雪风
155.5,必杀剑·回天
157.7,纷乱雪月花
159.1,刃风
161.3,阵风
163.4,月光
165.6,刃风
166.3,内丹
167.7,士风
169.9,花车
171,必杀剑·夜天
172.1,燕飞
173.7,必杀剑·晓天
174.4,刃风
176.6,雪风
177.5,必杀剑·回天
179.5,纷乱雪月花
180.1,照破
180.9,刃风
183,雪风
183.7,叶隐
184.3,必杀剑·震天
185.1,刃风
185.8,必杀剑·震天
186.5,意气冲天
187.3,雪风
188.1,心眼
188.8,必杀剑·震天
189.6,刃风
191.7,阵风
192.4,必杀剑·星眼
193,真北
193.8,月光
196,刃风
198.1,士风
200.2,花车
200.9,明镜止水
201.6,必杀剑·回天
203.1,纷乱雪月花
203.8,必杀剑·震天
204.5,回返雪月花
205.5,心眼
206.7,月光
207.4,必杀剑·回天
208,必杀剑·震天
209.6,彼岸花
210.2,照破
211,月光
211.8,必杀剑·星眼
213.2,花车
215.3,刃风
217.5,雪风
218.1,必杀剑·回天
220.4,纷乱雪月花
221.7,刃风
222.9,心眼
223.9,雪风
226,刃风
226.7,必杀剑·星眼
228.1,阵风
230.3,月光
232.5,刃风
234.6,士风
236.7,花车
238.9,刃风
239.5,必杀剑·回天
241.8,纷乱雪月花
243.2,雪风
245.4,刃风
246.1,必杀剑·震天
247.5,阵风
248.2,真北
249,必杀剑·震天
249.7,月光
258.9,刃风
259.9,意气冲天
261,士风
262,必杀剑·震天
263.2,花车
263.9,明镜止水
264.5,必杀剑·回天
266.1,纷乱雪月花
266.7,照破
267.5,回返雪月花
268.1,必杀剑·闪影
269.6,花车
270.3,必杀剑·回天
272.5,彼岸花
273.9,花车
276.1,月光
278.2,刃风
280.3,雪风
281,必杀剑·回天
283.3,纷乱雪月花
283.9,照破
284.7,刃风
286.8,阵风
289,月光
289.7,必杀剑·夜天
291.1,燕飞
292.1,必杀剑·晓天
293.3,刃风
295.5,士风
296.2,真北
297.6,花车
299.7,刃风
300.4,牵制
301.9,雪风
302.6,必杀剑·回天
304.8,纷乱雪月花
306.2,刃风
308.3,雪风
309,必杀剑·震天
310.5,刃风
311.1,叶隐
312.6,雪风
313.4,必杀剑·震天
314.8,刃风
315.6,真北
316.2,心眼
317,阵风
317.8,必杀剑·震天
319.1,月光
319.9,意气冲天
321.2,刃风
321.9,必杀剑·星眼
323.4,士风
325.6,花车
326.3,明镜止水
327,必杀剑·回天
328.5,纷乱雪月花
329.1,必杀剑·震天
329.9,回返雪月花
330.5,必杀剑·回天
331.3,心眼
332,花车
332.7,必杀剑·回天
333.4,照破
334.9,彼岸花
335.6,必杀剑·星眼
336.3,花车
338.5,月光
340.6,刃风
341.3,必杀剑·震天
342.7,雪风
343.4,必杀剑·回天
345.6,纷乱雪月花
347,刃风
349.2,雪风
350.1,心眼
351.3,刃风
352.4,叶隐
353.5,雪风
354.1,必杀剑·星眼
358.5,默想
371.1,内丹
385.2,叶隐
385.9,心眼
388.5,刃风
390.9,士风
